FSMTFileList,v,0,1
FILES,,,
Path,FileType,DataType,PrettyName
KF/B0,Folder,Container,
KF/B0/END,Raw,MusicSequence,Epilogue
KF/B0/ENDG,Raw,MusicSequence,Ending
KF/B0/L0,MIX,Container,
KF/B0/L0/0,Raw,TextureDB,Loading screen
KF/B0/MIX0,MIX,Container,
KF/B0/MIX0/0,Raw,TextureDB,
KF/B0/MIX0/1,Raw,TextureDB,
KF/B0/MIX0/2,Raw,TextureDB,
KF/B0/MIX0/3,Raw,TextureDB,
KF/B0/MIX0/4,Raw,TextureDB,
KF/B0/MIX0/5,Raw,TextureDB,
KF/B0/MIX0/6,Raw,TextureDB,
KF/B0/MIX3,MIX,Container,
KF/B0/MIX3/0,Raw,TextureDB,
KF/B0/MIX3/1,Raw,TextureDB,
KF/B0/MIX3/2,Raw,TextureDB,
KF/B0/MIX3/3,Raw,TextureDB,
KF/B0/MIX3/4,Raw,TextureDB,
KF/B0/MIX3/5,Raw,TextureDB,
KF/B0/MIX3/6,Raw,TextureDB,
KF/B0/MIX3/7,Raw,TextureDB,
KF/B0/MIX3/8,Raw,TextureDB,
KF/B0/MIX9,MIX,Container,
KF/B0/MIX9/0,Raw,TextureDB,
KF/B0/MIX9/1,Raw,TextureDB,
KF/B0/MIX9/2,Raw,TextureDB,
KF/B0/MIX9/3,Raw,TextureDB,
KF/B0/MIX9/4,Raw,TextureDB,
KF/B0/MIX9/5,Raw,TextureDB,
KF/B0/MIX9/6,Raw,TextureDB,
KF/B0/MIX9/7,Raw,TextureDB,
KF/B0/MIX9/8,Raw,TextureDB,
KF/B0/MIX9/9,Raw,TextureDB,
KF/B0/MIX9/10,Raw,TextureDB,
KF/B0/MIX9/11,Raw,TextureDB,
KF/B0/MIX9/12,Raw,TextureDB,
KF/B0/MIX9/13,Raw,TextureDB,
KF/B0/MIX9/14,Raw,TextureDB,
KF/B0/MIX9/15,Raw,TextureDB,
KF/B0/MIXB0,MIX,Container,
KF/B0/MIXB0/0,Raw,Model,
KF/B0/MIXB0/1,Raw,Model,
KF/B0/MIXB3,MIX,Container,
KF/B0/MIXB3/0,Raw,Model,
KF/B0/MIXBE,MIX,Container,
KF/B0/MIXBE/0,Raw,Model,
KF/B0/OPEN0,Raw,MusicSequence,Intro Demo
KF/B0/OPEN1,Raw,MusicSequence,Title Screen
KF/B0/OPEN3,Raw,MusicSequence,Verdite Intro
KF/B1,Folder,Container,
KF/B1/MIX.TIM,MIX,Container,
KF/B1/MIX.TIM/0,Raw,TextureDB,
KF/B1/MIX.TIM/1,Raw,TextureDB,
KF/B1/MIX.TIM/2,Raw,TextureDB,
KF/B1/MIX.TIM/3,Raw,TextureDB,
KF/B1/MIX.TIM/4,Raw,TextureDB,
KF/B1/MIX.TIM/5,Raw,TextureDB,
KF/B1/MIX.TIM/6,Raw,TextureDB,
KF/B1/MIX.TIM/7,Raw,TextureDB,
KF/B1/MIXA.DAT,MIX,Container,
KF/B1/MIXA.DAT/0,Raw,SoundBankHeader,
KF/B1/MIXA.DAT/1,Raw,SoundBankBody,
KF/B1/MIXA.DAT/2,Raw,Unknown,
KF/B1/MIXA.DAT/3,Raw,Unknown,
KF/B1/MIXA.DAT/4,Raw,Unknown,
KF/B1/MIXA.DAT/5,Raw,Unknown,
KF/B1/MIXA.DAT/6,Raw,Unknown,
KF/B1/MIXA.DAT/7,Raw,Unknown,
KF/B1/MIXB.DAT,MIX,Container,
KF/B1/MIXB.DAT/0,Raw,Model,
KF/B1/MIXB.DAT/1,Raw,Model,
KF/B1/MIXB.DAT/2,Raw,Unknown,
KF/B1/MIXB.DAT/3,Raw,Unknown,
KF/B1/MIXB.DAT/4,Raw,Unknown,
KF/B1/SND0.SEQ,Raw,MusicSequence,Floor 1
KF/B1/SND1.SEQ,Raw,MusicSequence,Floor 1-2
KF/B1/SND2.SEQ,Raw,MusicSequence,Shop
KF/B2,Folder,Container,
KF/B2/MIX.TIM,MIX,Container,
KF/B2/MIX.TIM/0,Raw,TextureDB,
KF/B2/MIX.TIM/1,Raw,TextureDB,
KF/B2/MIX.TIM/2,Raw,TextureDB,
KF/B2/MIX.TIM/3,Raw,TextureDB,
KF/B2/MIX.TIM/4,Raw,TextureDB,
KF/B2/MIX.TIM/5,Raw,TextureDB,
KF/B2/MIX.TIM/6,Raw,TextureDB,
KF/B2/MIX.TIM/7,Raw,TextureDB,
KF/B2/MIXA.DAT,MIX,Container,
KF/B2/MIXA.DAT/0,Raw,SoundBankHeader,
KF/B2/MIXA.DAT/1,Raw,SoundBankBody,
KF/B2/MIXA.DAT/2,Raw,Unknown,
KF/B2/MIXA.DAT/3,Raw,Unknown,
KF/B2/MIXA.DAT/4,Raw,Unknown,
KF/B2/MIXA.DAT/5,Raw,Unknown,
KF/B2/MIXA.DAT/6,Raw,Unknown,
KF/B2/MIXA.DAT/7,Raw,Unknown,
KF/B2/MIXB.DAT,MIX,Container,
KF/B2/MIXB.DAT/0,Raw,Model,
KF/B2/MIXB.DAT/1,Raw,Model,
KF/B2/MIXB.DAT/2,Raw,Unknown,
KF/B2/MIXB.DAT/3,Raw,Unknown,
KF/B2/MIXB.DAT/4,Raw,Unknown,
KF/B2/SND0.SEQ,Raw,MusicSequence,Floor 2
KF/B2/SND1.SEQ,Raw,MusicSequence,Floor 2-2
KF/B3,Folder,Container,
KF/B3/MIX.TIM,MIX,Container,
KF/B3/MIX.TIM/0,Raw,TextureDB,
KF/B3/MIX.TIM/1,Raw,TextureDB,
KF/B3/MIX.TIM/2,Raw,TextureDB,
KF/B3/MIX.TIM/3,Raw,TextureDB,
KF/B3/MIX.TIM/4,Raw,TextureDB,
KF/B3/MIX.TIM/5,Raw,TextureDB,
KF/B3/MIX.TIM/6,Raw,TextureDB,
KF/B3/MIX.TIM/7,Raw,TextureDB,
KF/B3/MIXA.DAT,MIX,Container,
KF/B3/MIXA.DAT/0,Raw,SoundBankHeader,
KF/B3/MIXA.DAT/1,Raw,SoundBankBody,
KF/B3/MIXA.DAT/2,Raw,Unknown,
KF/B3/MIXA.DAT/3,Raw,Unknown,
KF/B3/MIXA.DAT/4,Raw,Unknown,
KF/B3/MIXA.DAT/5,Raw,Unknown,
KF/B3/MIXA.DAT/6,Raw,Unknown,
KF/B3/MIXA.DAT/7,Raw,Unknown,
KF/B3/MIXB.DAT,MIX,Container,
KF/B3/MIXB.DAT/0,Raw,Model,
KF/B3/MIXB.DAT/1,Raw,Model,
KF/B3/MIXB.DAT/2,Raw,Unknown,
KF/B3/MIXB.DAT/3,Raw,Unknown,
KF/B3/MIXB.DAT/4,Raw,Unknown,
KF/B3/SND0.SEQ,Raw,MusicSequence,Floor 3
KF/B4,Folder,Container,
KF/B4/MIX.TIM,MIX,Container,
KF/B4/MIX.TIM/0,Raw,TextureDB,
KF/B4/MIX.TIM/1,Raw,TextureDB,
KF/B4/MIX.TIM/2,Raw,TextureDB,
KF/B4/MIX.TIM/3,Raw,TextureDB,
KF/B4/MIX.TIM/4,Raw,TextureDB,
KF/B4/MIX.TIM/5,Raw,TextureDB,
KF/B4/MIX.TIM/6,Raw,TextureDB,
KF/B4/MIX.TIM/7,Raw,TextureDB,
KF/B4/MIXA.DAT,MIX,Container,
KF/B4/MIXA.DAT/0,Raw,SoundBankHeader,
KF/B4/MIXA.DAT/1,Raw,SoundBankBody,
KF/B4/MIXA.DAT/2,Raw,Unknown,
KF/B4/MIXA.DAT/3,Raw,Unknown,
KF/B4/MIXA.DAT/4,Raw,Unknown,
KF/B4/MIXA.DAT/5,Raw,Unknown,
KF/B4/MIXA.DAT/6,Raw,Unknown,
KF/B4/MIXA.DAT/7,Raw,Unknown,
KF/B4/MIXB.DAT,MIX,Container,
KF/B4/MIXB.DAT/0,Raw,Model,
KF/B4/MIXB.DAT/1,Raw,Model,
KF/B4/MIXB.DAT/2,Raw,Unknown,
KF/B4/MIXB.DAT/3,Raw,Unknown,
KF/B4/MIXB.DAT/4,Raw,Unknown,
KF/B4/SND0.SEQ,Raw,MusicSequence,Floor 4
KF/B5,Folder,Container,
KF/B5/CHR1.MIM,MIMList,Container,
KF/B5/CHR1.MIM/0,Raw,Model,
KF/B5/CHR1.MIM/1,Raw,Model,
KF/B5/CHR1.MIM/2,Raw,Model,
KF/B5/CHR1.MIM/3,Raw,Model,
KF/B5/CHR1.MIM/4,Raw,Model,
KF/B5/CHR1.MIM/5,Raw,Model,
KF/B5/CHR2.MIM,MIMList,Container,
KF/B5/CHR2.MIM/0,Raw,Model,
KF/B5/CHR2.MIM/1,Raw,Model,
KF/B5/CHR2.MIM/2,Raw,Model,
KF/B5/CHR2.MIM/3,Raw,Model,
KF/B5/CHR2.MIM/4,Raw,Model,
KF/B5/CHR2.MIM/5,Raw,Model,
KF/B5/CHR3.MIM,MIMList,Container,
KF/B5/CHR3.MIM/0,Raw,Model,
KF/B5/CHR3.MIM/1,Raw,Model,
KF/B5/CHR3.MIM/2,Raw,Model,
KF/B5/CHR3.MIM/3,Raw,Model,
KF/B5/CHR3.MIM/4,Raw,Model,
KF/B5/CHR3.MIM/5,Raw,Model,
KF/B5/MIX.TIM,MIX,Container,
KF/B5/MIX.TIM/0,Raw,TextureDB,
KF/B5/MIX.TIM/1,Raw,TextureDB,
KF/B5/MIX.TIM/2,Raw,TextureDB,
KF/B5/MIX.TIM/3,Raw,TextureDB,
KF/B5/MIX.TIM/4,Raw,TextureDB,
KF/B5/MIX.TIM/5,Raw,TextureDB,
KF/B5/MIX.TIM/6,Raw,TextureDB,
KF/B5/MIX.TIM/7,Raw,TextureDB,
KF/B5/MIXA.DAT,MIX,Container,
KF/B5/MIXA.DAT/0,Raw,SoundBankHeader,
KF/B5/MIXA.DAT/1,Raw,SoundBankBody,
KF/B5/MIXA.DAT/2,Raw,Unknown,
KF/B5/MIXA.DAT/3,Raw,Unknown,
KF/B5/MIXA.DAT/4,Raw,Unknown,
KF/B5/MIXA.DAT/5,Raw,Unknown,
KF/B5/MIXA.DAT/6,Raw,Unknown,
KF/B5/MIXA.DAT/7,Raw,Unknown,
KF/B5/MIXB.DAT,MIX,Container,
KF/B5/MIXB.DAT/0,Raw,Model,
KF/B5/MIXB.DAT/1,Raw,Model,
KF/B5/MIXB.DAT/2,Raw,Unknown,
KF/B5/MIXB.DAT/3,Raw,Unknown,
KF/B5/MIXB.DAT/4,Raw,Unknown,
KF/B5/SND0.SEQ,Raw,MusicSequence,Floor 5
KF/B5/SND1.SEQ,Raw,MusicSequence,Floor 5-2
KF/COM,Folder,Container,
KF/COM/COM.DAT,MIX,Container,
KF/COM/COM.DAT/0,Raw,Unknown,
KF/COM/COM.DAT/1,Raw,Unknown,
KF/COM/COM.DAT/2,Raw,Unknown,
KF/COM/COM.DAT/3,Raw,Unknown,
KF/COM/COM.DAT/4,Raw,Unknown,
KF/COM/COM.DAT/5,Raw,Unknown,
KF/COM/COM.DAT/6,Raw,Unknown,
KF/COM/MIX.TIM,MIX,Container,
KF/COM/MIX.TIM/0,Raw,TextureDB,
KF/COM/MIX.TIM/1,Raw,TextureDB,
KF/COM/MIX.TIM/2,Raw,TextureDB,
KF/COM/MIX.TIM/3,Raw,TextureDB,
KF/COM/MIX.TIM/4,Raw,TextureDB,
KF/COM/MIX.TIM/5,Raw,TextureDB,
KF/COM/MIX.TIM/6,Raw,TextureDB,
KF/ENE1,Folder,Container,
KF/ENE1/EI00.TIM,Raw,TextureDB,
KF/ENE1/EI01.TIM,Raw,TextureDB,
KF/ENE1/EI02.TIM,Raw,TextureDB,
KF/ENE1/EI03.TIM,Raw,TextureDB,
KF/ENE1/EI04.TIM,Raw,TextureDB,
KF/ENE1/EI05.TIM,Raw,TextureDB,
KF/ENE1/EI06.TIM,Raw,TextureDB,
KF/ENE1/EI07.TIM,Raw,TextureDB,
KF/ENE1/EI08.TIM,Raw,TextureDB,
KF/ENE1/EI09.TIM,Raw,TextureDB,
KF/ENE2,Folder,Container,
KF/ENE2/EI00.TIM,Raw,TextureDB,
KF/ENE2/EI01.TIM,Raw,TextureDB,
KF/ENE2/EI02.TIM,Raw,TextureDB,
KF/ENE2/EI03.TIM,Raw,TextureDB,
KF/ENE2/EI04.TIM,Raw,TextureDB,
KF/ENE2/EI05.TIM,Raw,TextureDB,
KF/ENE2/EI06.TIM,Raw,TextureDB,
KF/ENE2/EI07.TIM,Raw,TextureDB,
KF/ENE2/EI08.TIM,Raw,TextureDB,
KF/ENE2/EI09.TIM,Raw,TextureDB,
KF/ENE3,Folder,Container,
KF/ENE3/EI00.TIM,Raw,TextureDB,
KF/ENE3/EI01.TIM,Raw,TextureDB,
KF/ENE3/EI02.TIM,Raw,TextureDB,
KF/ENE3/EI03.TIM,Raw,TextureDB,
KF/ENE3/EI04.TIM,Raw,TextureDB,
KF/ENE3/EI05.TIM,Raw,TextureDB,
KF/ENE3/EI06.TIM,Raw,TextureDB,
KF/ENE4,Folder,Container,
KF/ENE4/EI00.TIM,Raw,TextureDB,
KF/ENE4/EI01.TIM,Raw,TextureDB,
KF/ENE4/EI02.TIM,Raw,TextureDB,
KF/ENE4/EI03.TIM,Raw,TextureDB,
KF/ENE4/EI04.TIM,Raw,TextureDB,
KF/ENE4/EI05.TIM,Raw,TextureDB,
KF/ENE4/EI06.TIM,Raw,TextureDB,
KF/ENE4/EI07.TIM,Raw,TextureDB,
KF/ENE5,Folder,Container,
KF/ENE5/EI00.TIM,Raw,TextureDB,
KF/ENE5/EI01.TIM,Raw,TextureDB,
KF/ENE5/EI02.TIM,Raw,TextureDB,
KF/ENE5/EI03.TIM,Raw,TextureDB,
KF/ENE5/EI04.TIM,Raw,TextureDB,
KF/ENE5/EI05.TIM,Raw,TextureDB,
KF/ENE5/EI06.TIM,Raw,TextureDB,
KF/ENE5/EI07.TIM,Raw,TextureDB,
KF/ENE5/EI08.TIM,Raw,TextureDB,
KF/ITEM1,Folder,Container,
KF/ITEM1/I001.TMD,Raw,Model,
KF/ITEM1/I002.TMD,Raw,Model,
KF/ITEM1/I003.TMD,Raw,Model,
KF/ITEM1/I004.TMD,Raw,Model,
KF/ITEM1/I005.TMD,Raw,Model,
KF/ITEM1/I006.TMD,Raw,Model,
KF/ITEM1/I007.TMD,Raw,Model,
KF/ITEM1/I008.TMD,Raw,Model,
KF/ITEM1/I009.TMD,Raw,Model,
KF/ITEM1/I010.TMD,Raw,Model,
KF/ITEM1/I011.TMD,Raw,Model,
KF/ITEM1/I012.TMD,Raw,Model,
KF/ITEM1/I014.TMD,Raw,Model,
KF/ITEM1/I015.TMD,Raw,Model,
KF/ITEM1/I016.TMD,Raw,Model,
KF/ITEM1/I017.TMD,Raw,Model,
KF/ITEM1/I018.TMD,Raw,Model,
KF/ITEM1/I020.TMD,Raw,Model,
KF/ITEM1/I021.TMD,Raw,Model,
KF/ITEM1/I022.TMD,Raw,Model,
KF/ITEM1/I023.TMD,Raw,Model,
KF/ITEM1/I024.TMD,Raw,Model,
KF/ITEM1/I025.TMD,Raw,Model,
KF/ITEM1/I027.TMD,Raw,Model,
KF/ITEM1/I028.TMD,Raw,Model,
KF/ITEM1/I029.TMD,Raw,Model,
KF/ITEM1/I030.TMD,Raw,Model,
KF/ITEM2,Folder,Container,
KF/ITEM2/I031.TMD,Raw,Model,
KF/ITEM2/I033.TMD,Raw,Model,
KF/ITEM2/I034.TMD,Raw,Model,
KF/ITEM2/I035.TMD,Raw,Model,
KF/ITEM2/I036.TMD,Raw,Model,
KF/ITEM2/I037.TMD,Raw,Model,
KF/ITEM2/I038.TMD,Raw,Model,
KF/ITEM2/I039.TMD,Raw,Model,
KF/ITEM2/I040.TMD,Raw,Model,
KF/ITEM2/I041.TMD,Raw,Model,
KF/ITEM2/I042.TMD,Raw,Model,
KF/ITEM2/I043.TMD,Raw,Model,
KF/ITEM2/I044.TMD,Raw,Model,
KF/ITEM2/I045.TMD,Raw,Model,
KF/ITEM2/I046.TMD,Raw,Model,
KF/ITEM2/I047.TMD,Raw,Model,
KF/ITEM2/I048.TMD,Raw,Model,
KF/ITEM2/I049.TMD,Raw,Model,
KF/ITEM2/I050.TMD,Raw,Model,
KF/ITEM2/I051.TMD,Raw,Model,
KF/ITEM2/I052.TMD,Raw,Model,
KF/ITEM2/I053.TMD,Raw,Model,
KF/ITEM2/I054.TMD,Raw,Model,
KF/ITEM2/I055.TMD,Raw,Model,
KF/ITEM2/I056.TMD,Raw,Model,
KF/ITEM2/I057.TMD,Raw,Model,
KF/ITEM2/I058.TMD,Raw,Model,
KF/ITEM2/I059.TMD,Raw,Model,
KF/ITEM2/I060.TMD,Raw,Model,
KF/ITEM3,Folder,Container,
KF/ITEM3/I061.TMD,Raw,Model,
KF/ITEM3/I062.TMD,Raw,Model,
KF/ITEM3/I063.TMD,Raw,Model,
KF/ITEM3/I064.TMD,Raw,Model,
KF/ITEM3/I065.TMD,Raw,Model,
KF/ITEM3/I069.TMD,Raw,Model,
KF/ITEM3/I070.TMD,Raw,Model,
KF/ITEM3/I074.TMD,Raw,Model,
KF/ITEM3/I075.TMD,Raw,Model,
KF/ITEM4,Folder,Container,
KF/ITEM4/I106.TMD,Raw,Model,
KF/ITEM4/I110.TMD,Raw,Model,
KF/KAN,Folder,Container,
KF/KAN/B1,Folder,Container,
KF/KAN/B1/K000.TIM,Raw,TextureDB,
KF/KAN/B1/K001.TIM,Raw,TextureDB,
KF/KAN/B1/K002.TIM,Raw,TextureDB,
KF/KAN/B1/K003.TIM,Raw,TextureDB,
KF/KAN/B1/K004.TIM,Raw,TextureDB,
KF/KAN/B1/K005.TIM,Raw,TextureDB,
KF/KAN/B1/K006.TIM,Raw,TextureDB,
KF/KAN/B1/K007.TIM,Raw,TextureDB,
KF/KAN/B1/K008.TIM,Raw,TextureDB,
KF/KAN/B1/K100.TIM,Raw,TextureDB,
KF/KAN/B1/K101.TIM,Raw,TextureDB,
KF/KAN/B1/K102.TIM,Raw,TextureDB,
KF/KAN/B1/K103.TIM,Raw,TextureDB,
KF/KAN/B2,Folder,Container,
KF/KAN/B2/K000.TIM,Raw,TextureDB,
KF/KAN/B2/K001.TIM,Raw,TextureDB,
KF/KAN/B2/K002.TIM,Raw,TextureDB,
KF/KAN/B2/K003.TIM,Raw,TextureDB,
KF/KAN/B2/K004.TIM,Raw,TextureDB,
KF/KAN/B2/K005.TIM,Raw,TextureDB,
KF/KAN/B2/K006.TIM,Raw,TextureDB,
KF/KAN/B2/K100.TIM,Raw,TextureDB,
KF/KAN/B2/K101.TIM,Raw,TextureDB,
KF/KAN/B2/K102.TIM,Raw,TextureDB,
KF/KAN/B3,Folder,Container,
KF/KAN/B3/K000.TIM,Raw,TextureDB,
KF/KAN/B3/K001.TIM,Raw,TextureDB,
KF/KAN/B3/K002.TIM,Raw,TextureDB,
KF/KAN/B3/K003.TIM,Raw,TextureDB,
KF/KAN/B3/K004.TIM,Raw,TextureDB,
KF/KAN/B3/K101.TIM,Raw,TextureDB,
KF/KAN/B3/K102.TIM,Raw,TextureDB,
KF/KAN/B3/K103.TIM,Raw,TextureDB,
KF/KAN/B3/K104.TIM,Raw,TextureDB,
KF/KAN/B4,Folder,Container,
KF/KAN/B4/K000.TIM,Raw,TextureDB,
KF/KAN/B4/K001.TIM,Raw,TextureDB,
KF/KAN/B4/K002.TIM,Raw,TextureDB,
KF/KAN/B4/K004.TIM,Raw,TextureDB,
KF/KAN/B4/K101.TIM,Raw,TextureDB,
KF/KAN/B4/K102.TIM,Raw,TextureDB,
KF/KAN/B4/K103.TIM,Raw,TextureDB,
KF/MAP,Folder,Container,
KF/MAP/M11,Raw,TextureDB,
KF/MAP/M12,Raw,TextureDB,
KF/MAP/M13,Raw,TextureDB,
KF/MAP/M14,Raw,TextureDB,
KF/MAP/M15,Raw,TextureDB,
KF/MAP/M21,Raw,TextureDB,
KF/MAP/M22,Raw,TextureDB,
KF/MAP/M23,Raw,TextureDB,
KF/MAP/M24,Raw,TextureDB,
KF/MAP/M25,Raw,TextureDB,
KF/PRSN,Folder,Container,
KF/PRSN/PER01.TIM,Raw,TextureDB,
KF/PRSN/PER02.TIM,Raw,TextureDB,
KF/PRSN/PER03.TIM,Raw,TextureDB,
KF/PRSN/PER04.TIM,Raw,TextureDB,
KF/PRSN/PER05.TIM,Raw,TextureDB,
KF/PRSN/PER06.TIM,Raw,TextureDB,
KF/PRSN/PER07.TIM,Raw,TextureDB,
KF/PRSN/PER08.TIM,Raw,TextureDB,
KF/PRSN/PER09.TIM,Raw,TextureDB,
KF/PRSN/PER10.TIM,Raw,TextureDB,
KF/PRSN/PER11.TIM,Raw,TextureDB,
KF/PRSN/PER12.TIM,Raw,TextureDB,
KF/PRSN/PER13.TIM,Raw,TextureDB,
KF/PRSN/PER14.TIM,Raw,TextureDB,
KF/PRSN/PER15.TIM,Raw,TextureDB,
KF/PRSN/PER16.TIM,Raw,TextureDB,
KF/PRSN/PER17.TIM,Raw,TextureDB,
KF/TALK,Folder,Container,
KF/TALK/C01,Folder,Container,
KF/TALK/C01/T11011.TIM,Raw,TextureDB,
KF/TALK/C01/T11012.TIM,Raw,TextureDB,
KF/TALK/C01/T11013.TIM,Raw,TextureDB,
KF/TALK/C01/T11014.TIM,Raw,TextureDB,
KF/TALK/C01/T11015.TIM,Raw,TextureDB,
KF/TALK/C01/T11016.TIM,Raw,TextureDB,
KF/TALK/C01/T11017.TIM,Raw,TextureDB,
KF/TALK/C01/T11018.TIM,Raw,TextureDB,
KF/TALK/C01/T11019.TIM,Raw,TextureDB,
KF/TALK/C01/T12011.TIM,Raw,TextureDB,
KF/TALK/C01/T12012.TIM,Raw,TextureDB,
KF/TALK/C01/T12013.TIM,Raw,TextureDB,
KF/TALK/C01/T13011.TIM,Raw,TextureDB,
KF/TALK/C01/T14011.TIM,Raw,TextureDB,
KF/TALK/C01/T15011.TIM,Raw,TextureDB,
KF/TALK/C02,Folder,Container,
KF/TALK/C02/T11021.TIM,Raw,TextureDB,
KF/TALK/C02/T11022.TIM,Raw,TextureDB,
KF/TALK/C02/T11023.TIM,Raw,TextureDB,
KF/TALK/C02/T11024.TIM,Raw,TextureDB,
KF/TALK/C02/T11025.TIM,Raw,TextureDB,
KF/TALK/C02/T11026.TIM,Raw,TextureDB,
KF/TALK/C02/T11027.TIM,Raw,TextureDB,
KF/TALK/C02/T11028.TIM,Raw,TextureDB,
KF/TALK/C02/T11029.TIM,Raw,TextureDB,
KF/TALK/C02/T12021.TIM,Raw,TextureDB,
KF/TALK/C02/T12022.TIM,Raw,TextureDB,
KF/TALK/C02/T12023.TIM,Raw,TextureDB,
KF/TALK/C02/T12045.TIM,Raw,TextureDB,
KF/TALK/C02/T13021.TIM,Raw,TextureDB,
KF/TALK/C02/T14021.TIM,Raw,TextureDB,
KF/TALK/C02/T15021.TIM,Raw,TextureDB,
KF/TALK/C03,Folder,Container,
KF/TALK/C03/T11031.TIM,Raw,TextureDB,
KF/TALK/C03/T11032.TIM,Raw,TextureDB,
KF/TALK/C03/T11033.TIM,Raw,TextureDB,
KF/TALK/C03/T11034.TIM,Raw,TextureDB,
KF/TALK/C03/T11035.TIM,Raw,TextureDB,
KF/TALK/C03/T11036.TIM,Raw,TextureDB,
KF/TALK/C03/T11037.TIM,Raw,TextureDB,
KF/TALK/C03/T11038.TIM,Raw,TextureDB,
KF/TALK/C03/T12031.TIM,Raw,TextureDB,
KF/TALK/C03/T12032.TIM,Raw,TextureDB,
KF/TALK/C03/T12035.TIM,Raw,TextureDB,
KF/TALK/C03/T13031.TIM,Raw,TextureDB,
KF/TALK/C03/T13032.TIM,Raw,TextureDB,
KF/TALK/C03/T14031.TIM,Raw,TextureDB,
KF/TALK/C03/T15031.TIM,Raw,TextureDB,
KF/TALK/C04,Folder,Container,
KF/TALK/C04/T11041.TIM,Raw,TextureDB,
KF/TALK/C04/T11042.TIM,Raw,TextureDB,
KF/TALK/C04/T11043.TIM,Raw,TextureDB,
KF/TALK/C04/T11044.TIM,Raw,TextureDB,
KF/TALK/C04/T11045.TIM,Raw,TextureDB,
KF/TALK/C04/T11046.TIM,Raw,TextureDB,
KF/TALK/C04/T11047.TIM,Raw,TextureDB,
KF/TALK/C04/T11048.TIM,Raw,TextureDB,
KF/TALK/C04/T12041.TIM,Raw,TextureDB,
KF/TALK/C04/T12042.TIM,Raw,TextureDB,
KF/TALK/C04/T12043.TIM,Raw,TextureDB,
KF/TALK/C04/T12044.TIM,Raw,TextureDB,
KF/TALK/C04/T12045.TIM,Raw,TextureDB,
KF/TALK/C04/T13041.TIM,Raw,TextureDB,
KF/TALK/C04/T13042.TIM,Raw,TextureDB,
KF/TALK/C04/T14041.TIM,Raw,TextureDB,
KF/TALK/C04/T14042.TIM,Raw,TextureDB,
KF/TALK/C04/T15041.TIM,Raw,TextureDB,
KF/TALK/C05,Folder,Container,
KF/TALK/C05/T44051.TIM,Raw,TextureDB,
KF/TALK/C05/T44052.TIM,Raw,TextureDB,
KF/TALK/C05/T44053.TIM,Raw,TextureDB,
KF/TALK/C06,Folder,Container,
KF/TALK/C06/T22061.TIM,Raw,TextureDB,
KF/TALK/C06/T22062.TIM,Raw,TextureDB,
KF/TALK/C06/T22063.TIM,Raw,TextureDB,
KF/TALK/C06/T22064.TIM,Raw,TextureDB,
KF/TALK/C06/T22065.TIM,Raw,TextureDB,
KF/TALK/C06/T22066.TIM,Raw,TextureDB,
KF/TALK/C06/T22067.TIM,Raw,TextureDB,
KF/TALK/C06/T22068.TIM,Raw,TextureDB,
KF/TALK/C06/T22069.TIM,Raw,TextureDB,
KF/TALK/C06/T33061.TIM,Raw,TextureDB,
KF/TALK/C06/T33062.TIM,Raw,TextureDB,
KF/TALK/C06/T33063.TIM,Raw,TextureDB,
KF/TALK/C06/T33064.TIM,Raw,TextureDB,
KF/TALK/C06/T33065.TIM,Raw,TextureDB,
KF/TALK/C06/T33066.TIM,Raw,TextureDB,
KF/TALK/C06/T33067.TIM,Raw,TextureDB,
KF/TALK/C06/T33068.TIM,Raw,TextureDB,
KF/TALK/C06/T33069.TIM,Raw,TextureDB,
KF/TALK/C06/T34061.TIM,Raw,TextureDB,
KF/TALK/C06/T34062.TIM,Raw,TextureDB,
KF/TALK/C06/T35061.TIM,Raw,TextureDB,
KF/TALK/C06/T35062.TIM,Raw,TextureDB,
KF/TALK/C06/T35063.TIM,Raw,TextureDB,
KF/TALK/C06/T35064.TIM,Raw,TextureDB,
KF/TALK/C07,Folder,Container,
KF/TALK/C07/T22071.TIM,Raw,TextureDB,
KF/TALK/C07/T22072.TIM,Raw,TextureDB,
KF/TALK/C07/T22073.TIM,Raw,TextureDB,
KF/TALK/C07/T22074.TIM,Raw,TextureDB,
KF/TALK/C07/T22075.TIM,Raw,TextureDB,
KF/TALK/C07/T23071.TIM,Raw,TextureDB,
KF/TALK/C07/T23072.TIM,Raw,TextureDB,
KF/TALK/C08,Folder,Container,
KF/TALK/C08/T22081.TIM,Raw,TextureDB,
KF/TALK/C08/T22082.TIM,Raw,TextureDB,
KF/TALK/C08/T22083.TIM,Raw,TextureDB,
KF/TALK/C08/T22084.TIM,Raw,TextureDB,
KF/TALK/C08/T22085.TIM,Raw,TextureDB,
KF/TALK/C08/T22086.TIM,Raw,TextureDB,
KF/TALK/C08/T22087.TIM,Raw,TextureDB,
KF/TALK/C08/T23081.TIM,Raw,TextureDB,
KF/TALK/C08/T23082.TIM,Raw,TextureDB,
KF/TALK/C08/T23083.TIM,Raw,TextureDB,
KF/TALK/C08/T24081.TIM,Raw,TextureDB,
KF/TALK/C08/T24082.TIM,Raw,TextureDB,
KF/TALK/C08/T25081.TIM,Raw,TextureDB,
KF/TALK/C08/T25082.TIM,Raw,TextureDB,
KF/TALK/C08/T25083.TIM,Raw,TextureDB,
KF/TALK/C09,Folder,Container,
KF/TALK/C09/T11091.TIM,Raw,TextureDB,
KF/TALK/C09/T11092.TIM,Raw,TextureDB,
KF/TALK/C09/T11093.TIM,Raw,TextureDB,
KF/TALK/C09/T11094.TIM,Raw,TextureDB,
KF/TALK/C09/T11095.TIM,Raw,TextureDB,
KF/TALK/C09/T11096.TIM,Raw,TextureDB,
KF/TALK/C09/T12091.TIM,Raw,TextureDB,
KF/TALK/C09/T12092.TIM,Raw,TextureDB,
KF/TALK/C09/T13091.TIM,Raw,TextureDB,
KF/TALK/C09/T13092.TIM,Raw,TextureDB,
KF/TALK/C11,Folder,Container,
KF/TALK/C11/T22111.TIM,Raw,TextureDB,
KF/TALK/C11/T55111.TIM,Raw,TextureDB,
KF/TALK/C11/T55112.TIM,Raw,TextureDB,
KF/TALK/C11/T55113.TIM,Raw,TextureDB,
KF/TALK/C12,Folder,Container,
KF/TALK/C12/T33121.TIM,Raw,TextureDB,
KF/TALK/C12/T33122.TIM,Raw,TextureDB,
KF/TALK/C12/T33123.TIM,Raw,TextureDB,
KF/TALK/C12/T34121.TIM,Raw,TextureDB,
KF/TALK/C13,Folder,Container,
KF/TALK/C13/T11131.TIM,Raw,TextureDB,
KF/TALK/C13/T11132.TIM,Raw,TextureDB,
KF/TALK/C13/T11133.TIM,Raw,TextureDB,
KF/TALK/C13/T11134.TIM,Raw,TextureDB,
KF/TALK/C13/T11135.TIM,Raw,TextureDB,
KF/TALK/C13/T11136.TIM,Raw,TextureDB,
KF/TALK/C13/T11137.TIM,Raw,TextureDB,
KF/TALK/C13/T11138.TIM,Raw,TextureDB,
KF/TALK/C13/T12131.TIM,Raw,TextureDB,
KF/TALK/C13/T12132.TIM,Raw,TextureDB,
KF/TALK/C13/T12133.TIM,Raw,TextureDB,
KF/TALK/C13/T12134.TIM,Raw,TextureDB,
KF/TALK/C13/T12135.TIM,Raw,TextureDB,
KF/TALK/C13/T12136.TIM,Raw,TextureDB,
KF/TALK/C14,Folder,Container,
KF/TALK/C14/T44141.TIM,Raw,TextureDB,
KF/TALK/C15,Folder,Container,
KF/TALK/C15/T44151.TIM,Raw,TextureDB,
KF/TALK/C17,Folder,Container,
KF/TALK/C17/T55171.TIM,Raw,TextureDB,
KF/TALK/C17/T55172.TIM,Raw,TextureDB,
KF/TIM,Folder,Container,
KF/TIM/ICO1.TIM,Raw,TextureDB,
KF/TIM/ICO2.TIM,Raw,TextureDB,
KF/TIM/ICO3.TIM,Raw,TextureDB,
KF/TIM/M001,Raw,TextureDB,
KF/TIM/M002,Raw,TextureDB,
KF/TIM/M003,Raw,TextureDB,
KF/TIM/M004,Raw,TextureDB,
KF/TIM/M005,Raw,TextureDB,
KF/TIM/M006,Raw,TextureDB,
KF/TIM/M007,Raw,TextureDB,
KF/TIM/M008,Raw,TextureDB,
KF/TIM/M009,Raw,TextureDB,
KF/TIM/M101,Raw,TextureDB,
KF/TIM/M102,Raw,TextureDB,
KF/TIM/M103,Raw,TextureDB,
KF/TIM/M104,Raw,TextureDB,
KF/TIM/M105,Raw,TextureDB,
KF/TIM/M106,Raw,TextureDB,
KF/TIM/M107,Raw,TextureDB,
KF/TIM/M108,Raw,TextureDB,
KF/TIM/M109,Raw,TextureDB,
KF/TIM/M110,Raw,TextureDB,
KF/TIM/M111,Raw,TextureDB,
KF/TIM/M112,Raw,TextureDB,
KF/TIM/M113,Raw,TextureDB,
KF/TIM/M114,Raw,TextureDB,
KF/TIM/M115,Raw,TextureDB,
KF/TIM/M999,Raw,TextureDB,
KF/WEPON,Folder,Container,
KF/WEPON/WEP00.MIM,Raw,Model,
KF/WEPON/WEP01.MIM,Raw,Model,
KF/WEPON/WEP02.MIM,Raw,Model,
KF/WEPON/WEP03.MIM,Raw,Model,
KF/WEPON/WEP04.MIM,Raw,Model,
KF/WEPON/WEP05.MIM,Raw,Model,
KF/WEPON/WEP06.MIM,Raw,Model,
KF/WEPON/WEP07.MIM,Raw,Model,
KF/WEPON/WEP08.MIM,Raw,Model,
KF/WEPON/WEP09.MIM,Raw,Model,
KF/WEPON/WEP10.MIM,Raw,Model,
KF/WEPON/WEP11.MIM,Raw,Model,
KF/WEPON/WEP12.MIM,Raw,Model,
KF/WEPON/WEP13.MIM,Raw,Model,
KF/WEPON/WEP14.MIM,Raw,Model,
KF/WEPON/WEP15.MIM,Raw,Model,
E0,Raw,TextureDB,
E1,Raw,TextureDB,
E2,Raw,TextureDB,
E3,Raw,TextureDB,
